model,bleu,time
Qwen/Qwen3-4B-Base,0.16192036069520457,139.2678656578064
Qwen/Qwen3-4B-Instruct-2507,0.09743953428174452,221.83027029037476
Qwen/Qwen3-4B-Thinking-2507,0.09570770687054338,217.6965606212616
